day,name,address,city,codes,map,
"Saturday, 	12:00 PM",Grupo Geneva,71 Templeton Ave.,Daly City,E,http://goo.gl/maps/k4GbE,
"Sunday, 	6:30 PM",Sendero De Vida,102 Broadway,Redwood City,E,http://goo.gl/maps/HrGHh,
"Monday, 	6:30 PM",Sendero De Vida,103 Broadway,Redwood City,E,http://goo.gl/maps/HrGHh,
"Tuesday, 	6:30 PM",Sendero De Vida,103 Broadway,Redwood City,E,http://goo.gl/maps/HrGHh,
"Wednesday, 	6:30 PM",Sendero De Vida,103 Broadway,Redwood City,E,http://goo.gl/maps/HrGHh,
"Thursday, 	6:30 PM",Sendero De Vida,103 Broadway,Redwood City,E,http://goo.gl/maps/HrGHh,
"Friday, 	6:30 PM",Sendero De Vida,103 Broadway,Redwood City,E,http://goo.gl/maps/HrGHh,
"Saturday, 	6:30 PM",Sendero De Vida,103 Broadway,Redwood City,E,http://goo.gl/maps/HrGHh,
"Wednesday, 	8:00 PM",BACK TO THE WORLD GROUP,139 Primrose at Howard,Burlingame,H,http://goo.gl/maps/X1hwU,
"Monday, 	8:00 PM",PEOPLE OF WORTH Big Book Study,139 Primrose at Howard,Burlingame,L,http://goo.gl/maps/X1hwU,
"Sunday, 	8:00 PM",SUNDAY SPECIAL-AS BILL SEES IT,139 Primrose at Howard,Burlingame,H,http://goo.gl/maps/X1hwU,
"Tuesday, 	8:00 PM",12 + 12 FRIENDSHIP GROUP,"139 Primrose at Howard, Next to Primrose Center",Burlingame,H,http://goo.gl/maps/X1hwU,
"Monday, 	12:00 PM",MONDAY NOON MEETING,149 Clinton,Redwood City,L,http://goo.gl/maps/KQ1is,
"Saturday, 	11:00 AM",ANY LENGTH GROUP,1600 Trousdale Ave.,Burlingame,"H,SP,Wh",http://goo.gl/maps/Yp5XW,
"Thursday, 	7:00 PM",Tres Legados,"171 5th Av, #210",Redwood City,E,http://goo.gl/maps/9X1Zd,
"Monday, 	7:00 PM",Tres Legados,171 5th Av. #206,Redwood City,E,http://goo.gl/maps/9X1Zd,
"Sunday, 	7:00 PM",Tres Legados,171 5th Av. #210,Redwood City,E,http://goo.gl/maps/9X1Zd,
"Tuesday, 	7:00 PM",Tres Legados,171 5th Av. #210,Redwood City,E,http://goo.gl/maps/9X1Zd,
"Wednesday, 	7:00 PM",Tres Legados,171 5th Av. #210,Redwood City,E,http://goo.gl/maps/9X1Zd,
"Friday, 	7:00 PM",Tres Legados,171 5th Av. #210,Redwood City,E,http://goo.gl/maps/9X1Zd,
"Saturday, 	7:00 PM",Tres Legados,171 5th Ave #210,Redwood City,E,http://goo.gl/maps/9X1Zd,
"Monday, 	6:30 PM",MONDAY NIGHT MEN'S AA ,1st Presby Church	25th & Hacienda (downstairs-courtyard),San Mateo,"C,D,H",http://goo.gl/maps/ICAx3,
"Sunday, 	7:30 PM",SUNDAY NITE DISCUSSION,1st Presby Church El Camino & Easton,Burlingame,H,http://goo.gl/maps/HVP0X,
"Sunday, 	6:00 PM",Oportunidad de Vivir,2151 Euclid,East Palo Alto,E,http://goo.gl/maps/R1oUH,
"Monday, 	6:00 PM",Oportunidad de Vivir,2151 Euclid,East Palo Alto,E,http://goo.gl/maps/R1oUH,
"Tuesday, 	7:00 PM",Oportunidad de Vivir,2151 Euclid,East Palo Alto,E,http://goo.gl/maps/R1oUH,
"Wednesday, 	7:00 PM",Oportunidad de Vivir,2151 Euclid,East Palo Alto,E,http://goo.gl/maps/R1oUH,
"Thursday, 	7:00 PM",Oportunidad de Vivir,2151 Euclid,East Palo Alto,E,http://goo.gl/maps/R1oUH,
"Friday, 	7:00 PM",Oportunidad de Vivir,2151 Euclid,East Palo Alto,E,http://goo.gl/maps/R1oUH,
"Saturday, 	7:00 PM",Oportunidad de Vivir,2151 Euclid,East Palo Alto,E,http://goo.gl/maps/R1oUH,
"Sunday, 	9:00 AM",UN DIA A LA VEZ,225 S. Cabrillo Hwy Rm200A,Half Moon Bay ,E,http://goo.gl/maps/RjMcp,
"Sunday, 	7:30 PM",HISPANO DE RWC,2710-A Bay Rd.,Redwood City,E,http://goo.gl/maps/6sjED,
"Monday, 	7:30 PM",Grupo Hispano,3120 Spring St.,Redwood City,E,http://goo.gl/maps/KsRYG,
"Tuesday, 	7:30 PM",Grupo Hispano,3120 Spring St.,Redwood City,E,http://goo.gl/maps/KsRYG,
"Wednesday, 	7:30 PM",Grupo Hispano,3120 Spring St.,Redwood City,E,http://goo.gl/maps/KsRYG,
"Thursday, 	7:30 PM",Grupo Hispano,3120 Spring St.,Redwood City,E,http://goo.gl/maps/KsRYG,
"Friday, 	7:30 PM",Grupo Hispano,3120 Spring St.,Redwood City,E,http://goo.gl/maps/KsRYG,
"Sunday, 	12:00 PM",Grupo 29 De Mayo,405 Grand Ave. Suite 205,South SF,E,http://goo.gl/maps/bmHbr,
"Sunday, 	8:00 PM",Grupo 29 De Mayo,405 Grand Ave. Suite 205,South SF,E,http://goo.gl/maps/bmHbr,
"Monday, 	12:00 PM",Grupo 29 De Mayo,405 Grand Ave. Suite 205,South SF,E,http://goo.gl/maps/bmHbr,
"Monday, 	8:00 PM",Grupo 29 De Mayo,405 Grand Ave. Suite 205,South SF,E,http://goo.gl/maps/bmHbr,
"Tuesday, 	12:00 PM",Grupo 29 De Mayo,405 Grand Ave. Suite 205,South SF,E,http://goo.gl/maps/bmHbr,
"Tuesday, 	8:00 PM",Grupo 29 De Mayo,405 Grand Ave. Suite 205,South SF,E,http://goo.gl/maps/bmHbr,
"Wednesday, 	12:00 PM",Grupo 29 De Mayo,405 Grand Ave. Suite 205,South SF,E,http://goo.gl/maps/bmHbr,
"Wednesday, 	8:00 PM",Grupo 29 De Mayo,405 Grand Ave. Suite 205,South SF,E,http://goo.gl/maps/bmHbr,
"Thursday, 	12:00 PM",Grupo 29 De Mayo,405 Grand Ave. Suite 205,South SF,E,http://goo.gl/maps/bmHbr,
"Thursday, 	8:00 PM",Grupo 29 De Mayo,405 Grand Ave. Suite 205,South SF,E,http://goo.gl/maps/bmHbr,
"Friday, 	12:00 PM",Grupo 29 De Mayo,405 Grand Ave. Suite 205,South SF,E,http://goo.gl/maps/bmHbr,
"Friday, 	8:00 PM",Grupo 29 De Mayo,405 Grand Ave. Suite 205,South SF,E,http://goo.gl/maps/bmHbr,
"Saturday, 	12:00 PM",Grupo 29 De Mayo,405 Grand Ave. Suite 205,South SF,E,http://goo.gl/maps/bmHbr,
"Saturday, 	8:00 PM",Grupo 29 De Mayo,405 Grand Ave. Suite 205,South SF,E,http://goo.gl/maps/bmHbr,
"Sunday, 	12:00 PM",Grupo Geneva,5520 Mission @ Guttenberg,Daly City,E,http://goo.gl/maps/Pbqkl,
"Sunday, 	8:00 PM",Grupo Geneva,5520 Mission @ Guttenberg,Daly City,E,http://goo.gl/maps/Pbqkl,
"Monday, 	12:00 PM",Grupo Geneva,5520 Mission @ Guttenberg,Daly City,E,http://goo.gl/maps/Pbqkl,
"Monday, 	8:00 PM",Grupo Geneva,5520 Mission @ Guttenberg,Daly City,E,http://goo.gl/maps/Pbqkl,
"Tuesday, 	12:00 PM",Grupo Geneva,5520 Mission @ Guttenberg,Daly City,E,http://goo.gl/maps/Pbqkl,
"Tuesday, 	8:00 PM",Grupo Geneva,5520 Mission @ Guttenberg,Daly City,E,http://goo.gl/maps/Pbqkl,
"Wednesday, 	12:00 PM",Grupo Geneva,5520 Mission @ Guttenberg,Daly City,E,http://goo.gl/maps/Pbqkl,
"Wednesday, 	8:00 PM",Grupo Geneva,5520 Mission @ Guttenberg,Daly City,E,http://goo.gl/maps/Pbqkl,
"Thursday, 	12:00 PM",Grupo Geneva,5520 Mission @ Guttenberg,Daly City,E,http://goo.gl/maps/Pbqkl,
"Thursday, 	8:00 PM",Grupo Geneva,5520 Mission @ Guttenberg,Daly City,E,http://goo.gl/maps/Pbqkl,
"Friday, 	12:00 PM",Grupo Geneva,5520 Mission @ Guttenberg,Daly City,E,http://goo.gl/maps/Pbqkl,
"Friday, 	8:00 PM",Grupo Geneva,5520 Mission @ Guttenberg,Daly City,E,http://goo.gl/maps/Pbqkl,
"Saturday, 	8:00 PM",Grupo Geneva,5520 Mission @ Guttenberg,Daly City,E,http://goo.gl/maps/Pbqkl,
"Sunday, 	10:30 AM",Daily Reflections,580 Crespi –In back of coffee shop,Pacifica,H,http://goo.gl/maps/o3UFk,
"Sunday, 	7:00 PM",Central de RWC,640 Hurlingame ,Redwood City,E,http://goo.gl/maps/xDXgn,
"Monday, 	7:00 PM",Central de RWC,640 Hurlingame ,Redwood City,E,http://goo.gl/maps/xDXgn,
"Tuesday, 	7:00 PM",Central de RWC,640 Hurlingame ,Redwood City,E,http://goo.gl/maps/xDXgn,
"Wednesday, 	7:00 PM",Central de RWC,640 Hurlingame ,Redwood City,E,http://goo.gl/maps/xDXgn,
"Thursday, 	7:00 PM",Central de RWC,640 Hurlingame ,Redwood City,E,http://goo.gl/maps/xDXgn,
"Friday, 	7:00 PM",Central de RWC,640 Hurlingame ,Redwood City,E,http://goo.gl/maps/xDXgn,
"Saturday, 	7:00 PM",Central de RWC,640 Hurlingame ,Redwood City,E,http://goo.gl/maps/xDXgn,
"Tuesday, 	7:30 PM",THUMPERS (Big Book Study),901 Madison Av,Redwood City,"L,Wh",http://goo.gl/maps/qiMde,
"Thursday, 	12:00 PM",B.Y.O.B.GROUP,Baptist Church  2070 Francisco Blvd.,Pacifica,L,http://goo.gl/maps/lJm82,
"Thursday, 	7:30 PM",GRAPEVINE RECOVERY,Baptist Church  2070 Francisco Blvd.,Pacifica,L,http://goo.gl/maps/lJm82,
"Tuesday, 	5:30 PM",HAPPY HOUR/Living Sober,Baptist Church  2070 Francisco Blvd.,Pacifica,"H,L",http://goo.gl/maps/lJm82,
"Tuesday, 	7:30 PM",PACIFICA MEN'S GROUP,Baptist Church  2070 Francisco Blvd.,Pacifica,"H,L,M",http://goo.gl/maps/lJm82,
"Saturday, 	11:00 AM",SHARP PARK 3rd & 11th STEP,Baptist Church  2070 Francisco Blvd.,Pacifica,"H,L",http://goo.gl/maps/lJm82,
"Monday, 	7:00 AM",THE WAKE UP GROUP,Baptist Church  2070 Francisco Blvd.,Pacifica,,http://goo.gl/maps/lJm82,
"Tuesday, 	7:00 AM",THE WAKE UP GROUP,Baptist Church  2070 Francisco Blvd.,Pacifica,,http://goo.gl/maps/lJm82,
"Wednesday, 	7:00 AM",THE WAKE UP GROUP,Baptist Church  2070 Francisco Blvd.,Pacifica,,http://goo.gl/maps/lJm82,
"Thursday, 	7:00 AM",THE WAKE UP GROUP,Baptist Church  2070 Francisco Blvd.,Pacifica,,http://goo.gl/maps/lJm82,
"Friday, 	7:00 AM",THE WAKE UP GROUP,Baptist Church  2070 Francisco Blvd.,Pacifica,,http://goo.gl/maps/lJm82,
"Tuesday, 	12:00 PM",TUESDAY 12:00 NOON DISCUSSION,Baptist Church  2070 Francisco Blvd.,Pacifica,"D,H",http://goo.gl/maps/lJm82,
"Monday, 	6:00 PM",WOMEN'S Big Book Study,Baptist Church 2070 Francisco Blvd.,Pacifica,"C,W",http://goo.gl/maps/lJm82,
"Sunday, 	10:30 AM",Daily Reflections,Beach (weather permitting)	Hwy 1 & Crespi,Pacifica,H,"https://maps.google.com/maps?q=Hwy+1+%26+Crespi+Dr,+Pacifica,+CA&hl=en&sll=37.59441,-122.505884&sspn=0.018566,0.042014&oq=Hwy+1+and+Cre&hnear=California+1+%26+Crespi+Dr,+Pacifica,+San+Mateo,+California+94044&t=m&z=16",
"Sunday, 	11:00 AM",BRISBANE BREAKFAST MEETING,Brisbane Com Ctr 250 Visitation Ave.,Brisbane,"H,SP,Wh",http://goo.gl/maps/1IIuv,
"Saturday, 	7:30 PM",PENINSULA PRIME TIME,"Burlingame Methodist Church ""Primrose and Howard, enter gate left of 139 Primrose""",Burlingame,"H,Wh",http://goo.gl/maps/iOX63,
"Friday, 	7:00 AM",ATHERTON AA,Carriage House Holbrook Palmer Park 150 Watkins Rd,Atherton,H,http://goo.gl/maps/7jr4W,
"Sunday, 	9:00 AM",SUNDAY SPIRITUALITY,Carriage House Holbrook Palmer Park 150 Watkins Rd,Atherton,"H,B,SP,Wh",http://goo.gl/maps/7jr4W,
"Friday, 	12:00 PM",FRIDAY NOON BOOK STUDY,Central Peninsula Church 1005 Shell Blvd,Foster City,"H,L",http://goo.gl/maps/hJRr0,
"Wednesday, 	12:00 PM",THE OLD & THE NEW,Central Peninsula Church 1005 Shell Blvd,Foster City,"C,D,Wh",http://goo.gl/maps/hJRr0,
"Thursday, 	12:00 PM",COURAGE TO CHANGE,Church of Christ	603 Monte Diablo,San Mateo,"C,H",http://goo.gl/maps/0P5dM,
"Monday, 	7:00 PM",SAN CARLOS BEGINNERS,"Church of the Epiphany, Main Hall Arroyo & Cedar",San Carlos,H,http://goo.gl/maps/nDA3S,
"Thursday, 	8:00 PM",WE HAVE RECOVERED GROUP,"Church of the Epiphany, Main Hall Arroyo & Cedar",San Carlos,Wh,http://goo.gl/maps/nDA3S,
"Tuesday, 	7:30 PM",HILLSDALE GROUP,Church of the Transfig	39th & The Alameda,San Mateo,"SP,",http://goo.gl/maps/197kf,
"Sunday, 	9:00 AM",3RD & 11TH STEP,Coastal Repertory Theater 1167 Main Street,Half Moon Bay ,"H,L",http://goo.gl/maps/GoF7o,
"Monday, 	7:30 PM",NEWCOMERS & OLDTIMERS,Comm Center	Crespi & Hwy 1,Pacifica,H,http://goo.gl/maps/DqteW,
"Monday, 	5:30 PM",Foster City Living Sober Group,Community Center 1000 E. Hillsdale - 2nd Fl.,Foster City,"D,H,SP,",http://goo.gl/maps/Kf3xI,
"Tuesday, 	5:30 PM",Foster City Living Sober Group,Community Center 1000 E. Hillsdale - 2nd Fl.,Foster City,"H,L",http://goo.gl/maps/Kf3xI,
"Wednesday, 	5:30 PM",Foster City Living Sober Group,Community Center 1000 E. Hillsdale - 2nd Fl.,Foster City,"H,L",http://goo.gl/maps/Kf3xI,
"Thursday, 	5:30 PM",Foster City Living Sober Group,Community Center 1000 E. Hillsdale - 2nd Fl.,Foster City,"D,H,L",http://goo.gl/maps/Kf3xI,
"Friday, 	5:30 PM",Foster City Living Sober Group,Community Center 1000 E. Hillsdale - 2nd Fl.,Foster City,"D,H,L",http://goo.gl/maps/Kf3xI,
"Friday, 	7:30 PM",WALNUT GROUP,Community Church Arroyo & Elm,San Carlos,"H,Wh",http://goo.gl/maps/qjDr3,
"Wednesday, 	7:30 PM",SAN CARLOS AWARENESS GROUP,Community Church  Arroyo & Elm,San Carlos,"H,Wh",http://goo.gl/maps/qjDr3,
"Thursday, 	7:30 PM",PEN YP ALCOHOLIC WEEKEND GRP,Crystal Springs Methodist Church  2145 Bunker Hill Dr.,San Mateo,"H,YP,",http://goo.gl/maps/41h0p,
"Friday, 	7:30 PM",HIGHLANDERS,Crystal Springs Methodist Church 2145 Bunker Hill Dr.,San Mateo,"H,Wh",http://goo.gl/maps/41h0p,
"Friday, 	8:00 PM",WESTLAKE SPEAKER DISCUSSION,Dolger Sr Ctr. Rm 7	101 Lake Merced Bl.,Daly City,"D,Wh",http://goo.gl/maps/bRv7K,
"Sunday, 	11:30 AM",GRUPO LIBERDAD,Fairmont Rec. Ctr.	649 Park View Circle (off Hickey),Pacifica,E,http://goo.gl/maps/Md4O1,
"Sunday, 	7:00 PM",FOSTER CITY MEN’S SHARING GROUP,FC Rec Center 650 SHELL BL,Foster City,C,http://goo.gl/maps/0cs97,
"Saturday, 	10:00 AM",FOSTER CITY WOMEN’S MEETING,FC Rec Center 650 SHELL BL - Mist Rm,Foster City,W,http://goo.gl/maps/0cs97,
"Thursday, 	12:00 PM",CAME TO BELIEVE GROUP,Free at Last-bldg 3  1796 Bay Rd.,East Palo Alto,,http://goo.gl/maps/eHzVH,
"Tuesday, 	12:00 PM",LIVING SOBER,Free at Last-bldg 3  1796 Bay Road,East Palo Alto,H,http://goo.gl/maps/eHzVH,
"Monday, 	7:00 AM",Morning Serenity,Friendship Hall  416 2nd Ave,San Mateo,H,http://goo.gl/maps/tVDW6,
"Saturday, 	1:00 PM",JOY OF LIVING GROUP,Friendship Hall  416 2nd Ave,San Mateo,"H,Wh",http://goo.gl/maps/tVDW6,
"Tuesday, 	7:00 AM",Morning Serenity,Friendship Hall  416 2nd Ave,San Mateo,H,http://goo.gl/maps/tVDW6,
"Wednesday, 	7:00 AM",Morning Serenity,Friendship Hall  416 2nd Ave,San Mateo,,http://goo.gl/maps/tVDW6,
"Thursday, 	7:00 AM",Morning Serenity,Friendship Hall  416 2nd Ave,San Mateo,H,http://goo.gl/maps/tVDW6,
"Friday, 	7:00 AM",Morning Serenity,Friendship Hall  416 2nd Ave,San Mateo,H,http://goo.gl/maps/tVDW6,
"Saturday, 	7:00 AM",Morning Serenity,Friendship Hall  416 2nd Ave,San Mateo,,http://goo.gl/maps/tVDW6,
"Sunday, 	7:00 AM",Morning Serenity,Friendship Hall 416 2nd Ave.,San Mateo,H,http://goo.gl/maps/tVDW6,
"Tuesday, 	7:00 PM",STEPPING STONES GROUP,Good News Chapel  215 W. Orange Avenue,South SF,"H,L",http://goo.gl/maps/TfMo7,
"Wednesday, 	6:00 PM",ONE LINE AT A TIME,Good Shepherd  5th & O’Neill,Belmont,"H,L",http://goo.gl/maps/PvMhV,
"Thursday, 	12:00 PM",BURLINGAME MEN’S NOON MEETING,Good Shepherd Church   301 Burlingame,Burlingame,"H,Wh",http://goo.gl/maps/Y2gMf,
"Tuesday, 	8:00 PM",TUESDAY NITE GROUP,Good Shepherd Church   301 Burlingame,Burlingame,"DSP,",http://goo.gl/maps/Y2gMf,
"Monday, 	7:30 PM",ALKIE GULCH,Good Shepherd Church   5th & O’Neill,Belmont,D,http://goo.gl/maps/PvMhV,
"Tuesday, 	12:00 PM",BELMONT NOON GROUP,Good Shepherd Church   5th & O’Neill,Belmont,H,http://goo.gl/maps/PvMhV,
"Thursday, 	7:30 PM",DAY AT A TIME,Good Shepherd Church   5th & O’Neill,Belmont,H,http://goo.gl/maps/PvMhV,
"Friday, 	12:00 PM",SINGLENESS OF PURPOSE,Good Shepherd Church   5th & O’Neill,Belmont,H,http://goo.gl/maps/PvMhV,
"Monday, 	6:00 PM",12 @ 6 GROUP,Holy Cross Lutheran Church  1165 Seville,Pacifica,"C,H,L,Wh",http://goo.gl/maps/ig7HA,
"Friday, 	7:30 PM",PEDRO VALLEY SPEAKER DISCUSSION,Holy Cross Lutheran Church  1165 Seville,Pacifica,"DSP,Wh",http://goo.gl/maps/ig7HA,
"Tuesday, 	8:00 PM",HMB TUES NIGHT GROUP,Holy Family Episcopal Church	1590 S. Cabrillo Hwy,Half Moon Bay ,,http://goo.gl/maps/j4zSy,
"Friday, 	12:00 PM",FRIDAY NOON WOMENS GROUP,Holy Trinity Ch.	330 Ravenswood & Laurel,Menlo Park,"C,W,H",http://goo.gl/maps/N16Q9,
"Wednesday, 	7:30 PM",Big Book Study GROUP,Holy Trinity Church	Cedar & Manzanita,San Carlos,"H,L",http://goo.gl/maps/9O5FX,
"Friday, 	7:00 PM",GIFTS OF GRACE WOMEN'S,Holy Trinity Church	Cedar & Manzanita,San Carlos,"W,D,H",http://goo.gl/maps/9O5FX,
"Sunday, 	5:00 PM",SOBER SUNDAYS,Holy Trinity Church	Cedar & Manzanita,San Carlos,"D,H",http://goo.gl/maps/9O5FX,
"Tuesday, 	7:00 PM",STEPS TO FREEDOM,Holy Trinity Church	Cedar & Manzanita,San Carlos,"H,SP,L,Wh",http://goo.gl/maps/9O5FX,
"Saturday, 	5:00 PM",WOMEN’S DISCUSSION,Holy Trinity Church	Cedar & Manzanita (NEW LOCATION),San Carlos,"W,D,H,L",http://goo.gl/maps/9O5FX,
"Monday, 	12:10PM ",MONDAY HAPPY HOUR,"Holy Trinity Church	Ravenswood & Laurel, Tierney Rm.",Menlo Park,"C,D,H,Wh",http://goo.gl/maps/N16Q9,
"Monday, 	7:00 PM",MEN'S R4D BB and 12+12 Step Study,Holy Trinity Church (in Library)	Ravenswood & Pine,Menlo Park,"H,L,M",http://goo.gl/maps/N16Q9,
"Friday, 	7:30 PM",FIRESIDE GROUP,Hope Lutheran Church	 42nd & The Alameda,San Mateo,"H,SP,Wh",http://goo.gl/maps/NHBb4,
"Monday, 	7:30 PM",MID-PENINSULA WOMENS GROUP,Hope Lutheran Church	 42nd & The Alameda,San Mateo,"C,W,H",http://goo.gl/maps/NHBb4,
"Tuesday, 	7:30 PM",ESTO ES AA,Iglesia San Timoteo	1515 Dolan Ave,San Mateo,E,http://goo.gl/maps/P94Hk,
"Thursday, 	7:30 PM",ESTO ES AA,Iglesia San Timoteo	1515 Dolan Ave,San Mateo,E,http://goo.gl/maps/P94Hk,
"Friday, 	7:30 PM",ESTO ES AA,Iglesia San Timoteo	1515 Dolan Ave,San Mateo,E,http://goo.gl/maps/P94Hk,
"Friday, 	8:00 PM",FRIDAY NIGHT ACCEPTANCE GROUP,Kaiser Hospital  1200 El Camino-2nd Fl,South SF,"D,SP,Wh",http://goo.gl/maps/ceZpw,
"Saturday, 	8:00 PM",THE SEWER GROUP,"Kaiser Hospital 	1150 Veterans Bl., Cyprus Bldg. Conf. Rom 2",Redwood City,"D,H,Wh",http://goo.gl/maps/eHcXL,
"Thursday, 	8:00 PM",MIDWAY SOUTH SF GROUP ,Kaiser Hospital 1200 El Camino,South SF,"H,Wh",http://goo.gl/maps/ceZpw,
"Thursday, 	8:15 PM",THE IRREGULARS,"Kaiser Hospital Maple & Veterans, Cypress Bldg. Rm A B or C",Redwood City,"C,D",http://goo.gl/maps/eHcXL,
"Thursday, 	7:00 PM",LA HONDA GROUP,"La Honda Elem. School  450 Sears Ranch Road, Room #3 (in school library)",La Honda,"D,H",http://goo.gl/maps/NBHvU,
"Tuesday, 	7:30 PM",CHIPS AHOY',Ladera Comm. Church	3300 Alpine Rd.,Portola Valley ,"C,H,L",http://goo.gl/maps/74mPK,
"Monday, 	7:30 PM",LADERA MON NITE GRP,Ladera Comm. Church	3300 Alpine Rd.,Portola Valley ,,http://goo.gl/maps/74mPK,
"Friday, 	12:30 PM",DISCUSSION GROUP,Library Palmetto & Hilton (street parking only),Pacifica,"D,H",http://goo.gl/maps/C0m1O,
"Sunday, 	6:00 PM",PAGE 133 GROUP,Library Palmetto & Hilton (street parking only),Pacifica,"D,H",http://goo.gl/maps/C0m1O,
"Sunday, 	4:00 PM",SUN AFTERNOON STEP STUDY,Library Palmetto & Hilton (street parking only),Pacifica,"C,L",http://goo.gl/maps/C0m1O,
"Wednesday, 	12:00 PM",PACIFICA DISCUSSION,Library	Palmetto & Hilton (street parking only),Pacifica,"D,H,Wh",http://goo.gl/maps/C0m1O,
"Monday, 	12:00 PM",PACIFICA DISCUSSION,Library Palmetto & Hilton (street parking only),Pacifica,"C,D,H",http://goo.gl/maps/C0m1O,
"Wednesday, 	7:00 PM",PACIFICA COASTSIDE GROUP,Linda Mar School	On Rosita Drive- between Peralta & Adobe,Pacifica,"H,SP,Wh",http://goo.gl/maps/fWLrd,
"Monday, 	8:00 PM",COASTSIDE Big Book Study,Lutheran Church	900 N. Cabrillo Hwy.,Half Moon Bay ,"H,L,Wh",http://goo.gl/maps/U3t63,
"Saturday, 	7:30 AM",SATURDAY MORNING EYE OPENER,Lutheran Church	900 N. Cabrillo Hwy.,Half Moon Bay ,,http://goo.gl/maps/U3t63,
"Monday, 	12:00 PM",LUNCH BUNCH,Martin Luther King Ctr.	725 Monte Diablo,San Mateo,H,http://goo.gl/maps/gvInF,
"Friday, 	6:30 PM",YP Traveling Meeting,Meet at Starbucks	 17th & El Camino,San Mateo,YP,http://goo.gl/maps/bcs3x,
"Thursday, 	10:00 AM",WOMEN’S HOME GROUP,Meeting rotates- for location call: 577-1310 - Meeting rotates -- for location call: 577-1310,Mid-Peninsula,"C,W,",,
"Monday, 	5:00 PM",HAPPY HOUR GROUP,Methodist Church	560 El Camino- ent. Rear,San Bruno ,"D,H,SP,",http://goo.gl/maps/BFE2J,
"Tuesday, 	5:00 PM",LIVING SOBER/HAPPY HOUR,Methodist Church	560 El Camino- ent. Rear,San Bruno ,"H,L",http://goo.gl/maps/BFE2J,
"Friday, 	5:00 PM",Big Book Study,Methodist Church	560 El Camino-ent. Rear,San Bruno ,L,http://goo.gl/maps/BFE2J,
"Thursday, 	5:00 PM",TWELVE STEP STUDY GRP,Methodist Church	560 El Camino-ent. Rear,San Bruno ,,http://goo.gl/maps/BFE2J,
"Sunday, 	7:30 PM",COASTSIDE TALKERS,Methodist Church	777 Miramontes,Half Moon Bay ,,http://goo.gl/maps/LWpVR,
"Tuesday, 	6:00 PM",WOMENS 12 STEP STUDY,"Methodist Church	777 Miramontes, 2nd floor in San Pedro Ridge Room",Half Moon Bay ,"W,L",http://goo.gl/maps/LWpVR,
"Wednesday, 	5:00 PM",EXPERIENCE-STRENGTH-HOPE,Methodist Church  560 El Camino-enter rear,San Bruno ,"H,L",http://goo.gl/maps/BFE2J,
"Saturday, 	8:00 PM",SAT NITE 12 STEP STUDY GROUP,Methodist Church (Choir Room) 	777 Miramontes (2nd Floor),Half Moon Bay ,L,http://goo.gl/maps/LWpVR,
"Thursday, 	7:30 PM",GET IT STARTED GROUP,Millbrae Parks & Rec.	477 Lincoln Circle,Millbrae,"D,H,SP,",http://goo.gl/maps/ljgXK,
"Saturday, 	7:30 PM",Conscious Contact Group,Mills Health Center	100 S. San Mateo Dr.lower level in Saidy Room,San Mateo,,http://goo.gl/maps/1rMDe,
"Sunday, 	10:00 AM",Sunday Serenity,Mills Health Center	100 S. San Mateo Dr.lower level in Saidy Room,San Mateo,"H,Wh",http://goo.gl/maps/1rMDe,
"Tuesday, 	8:00 PM",SAN MATEO GROUP. NO 1,"Mills Health Center	100 S. San Mateo Drive, Sadie Room",San Mateo,"D,H,SP,",http://goo.gl/maps/1rMDe,
"Wednesday, 	7:30 PM",HILLSBOROUGH GROUP-new location Eff. 7/3,Mills Health Center  100 S. San Mateo Dr.lower level in Saidy Room,San Mateo,"H,Wh",http://goo.gl/maps/1rMDe,
"Wednesday, 	4:30 PM",RESTORED TO SANITY,Mills Hospital  100 San Mateo Drive (Sadie Thompson Room in basement),San Mateo,H,http://goo.gl/maps/1rMDe,
"Sunday, 	5:00 PM",CELEBRATE BEING ALIVE (Step Study),"Mills Hospital (Sadie Rm. In basement) 100 S. San Mateo Drive, Sadie Room",San Mateo,"C,W,D,H,L",http://goo.gl/maps/1rMDe,
"Saturday, 11:00 AM",GRASS ROOTS GROUP - Breakfast 9 AM-Meeting 11 AM,Native Sons Hall  112 Stage Rd,Pescadero,"H,SP,",http://goo.gl/maps/SiwBM, 1st Saturday of Month only
"Monday, 	2:30 PM",PRICE OF FREEDOM GROUP,"NEW 540 Price Ave., 1st floor (closed on State Holidays)",Redwood City,"H,B,",http://goo.gl/maps/Bcozw,
"Monday, 	8:00 PM",12 STEPS STUDY GROUP,New Life Community Church  1430 Palm Drive -- enter on El Camino Real,Burlingame,"H,L",http://goo.gl/maps/POKC9,
"Wednesday, 	8:30 PM",BROAD HIGHWAY-BB STUDY,New Life Community Church  1430 Palm Drive -- enter on El Camino Real,Burlingame,"H,L",http://goo.gl/maps/POKC9,
"Thursday, 	7:30 PM",HILLSBOROUGH MEN'S GROUP,New Life Community Church  1430 Palm Drive -- enter on El Camino Real,Burlingame,"C,H",http://goo.gl/maps/POKC9,
"Wednesday, 	12:00 PM",SENIOR FOCUS,New Life Community Church  1430 Palm Drive -- enter on El Camino Real,Burlingame,"D,H,SP,Wh",http://goo.gl/maps/POKC9,
"Monday, 	12:00 PM",JUST FOR TODAY,New Life Community Church  1430 Palm Drive -- enter on El Camino Real,Burlingame,"H,Wh",http://goo.gl/maps/POKC9,
"Friday, 	12:00 PM",RAP GROUP,New Life Community Church  1430 Palm Drive -- enter on El Camino Real,Burlingame,"D,H,SP",http://goo.gl/maps/POKC9,
"Sunday, 	8:00 PM",Vivendo en Sobriedad,Oscar's Casa	721 N. Amphlett- 271-1403,San Mateo,E,http://goo.gl/maps/bnSxs,
"Monday, 	8:00 PM",Vivendo en Sobriedad,Oscar's Casa	721 N. Amphlett- 271-1403,San Mateo,E,http://goo.gl/maps/bnSxs,
"Tuesday, 	8:00 PM",Vivendo en Sobriedad,Oscar's Casa	721 N. Amphlett- 271-1403,San Mateo,E,http://goo.gl/maps/bnSxs,
"Wednesday, 	8:00 PM",Vivendo en Sobriedad,Oscar's Casa	721 N. Amphlett- 271-1403,San Mateo,E,http://goo.gl/maps/bnSxs,
"Friday, 	8:00 PM",Vivendo en Sobriedad,Oscar's Casa	721 N. Amphlett- 271-1403,San Mateo,E,http://goo.gl/maps/bnSxs,
"Saturday, 	8:00 PM",Vivendo en Sobriedad,Oscar's Casa	721 N. Amphlett- 271-1403,San Mateo,E,http://goo.gl/maps/bnSxs,
"Thursday, 	8:00 PM",Vivendo en Sobriedad,"Oscar's Casa	721 N. Amphlett, 271-1403",San Mateo,E,http://goo.gl/maps/bnSxs,
"Friday, 	8:00 PM",FRIDAY NIGHT GROUP,Our Lady of Pillar Church  540 Kelly (Church St),Half Moon Bay ,,http://goo.gl/maps/OYejs,
"Thursday, 	4:15 PM",OYSTER POINT DISCUSSION,Oyster Point Yacht Club   Marina,South SF,"D,H",http://goo.gl/maps/YvfWm,
"Friday, 	6:00 PM",GOLDEN GATE SOUTH GROUP,Pacifica Comm. Center	  540 Crespi Dr.,Pacifica,"H,Wh",http://goo.gl/maps/DqteW,
"Monday, 	7:00 PM",SHARING CHOICES,Peninsula Medical Center	1501 Trousdale Conference Room H,Burlingame,"W,H",http://goo.gl/maps/MQP4I,
"Monday, 	7:00 PM",PESCADERO GROUP,Pescadero Comm. Church	363 Stage Road,Pescadero,H,http://goo.gl/maps/Tbkbe,
"Thursday, 	12:00 PM",MENLO PARK MEN'S GRP.,"Presby. Church	1111 University Drive, Room D",Menlo Park,"C,H",http://goo.gl/maps/01aW6,
"Wednesday, 	12:00 PM",ATHERTON GROUP,Menlo Park Presbyterian Church 950 University Drive / Building D / Room 11,Menlo Park,"C,",http://goo.gl/maps/01aW6,Last Wednesday of each month is an Open Meeting
"Tuesday, 	12:00 PM",BOOK WORM GROUP,Menlo Park Presbyterian Church 950 University Drive / Building D / Room 10,Menlo Park,"H,L,Wh",http://goo.gl/maps/01aW6,
"Friday, 	6:00 PM",COTTONMOUTH MEETING,Menlo Park Presbyterian Church 950 University Drive / Building D / Room 11,Menlo Park,"SP,",http://goo.gl/maps/01aW6,
"Friday, 	8:00 PM",MENLO PARK FRIDAY NIGHT,Menlo Park Presbyterian Church 950 University Drive / Building D / Room 10,Menlo Park,,http://goo.gl/maps/01aW6,
"Friday, 	7:30 PM",DON’T DRINK & GO TO MEETINGS,Redeemer Lutheran Church  468 Grand,Redwood City,,http://goo.gl/maps/ft5wh,
"Monday, 	7:30 PM",MON NIGHT FIRESIDE CHAT GROUP,Redeemer Lutheran Church  468 Grand,Redwood City,"H,Wh",http://goo.gl/maps/ft5wh,
"Thursday, RS	12:00 PM",BROKEN ELEVATOR,"Redwood Shores Library  399 Marine Pkwy, Rm. A",Redwood City,"D,H,Wh",http://goo.gl/maps/hoUZz,
"Sunday, 	2:00 PM",SUNSHINE GROUP-Big Book Study,"San Mateo County General Hospital – 39th & Edison – 2nd floor, Edu Conf Room",San Mateo,"L,Wh",http://goo.gl/maps/ugYuU,
"Saturday, 	10:00 AM",EYE OPENER,San Mateo County General Hospital – 39th & Edison – 2nd floor,San Mateo,Wh,http://goo.gl/maps/ugYuU,
"Sunday, 	11:00 AM",11th Step,San Carlos Peninsula Fellowship  1133 Eaton Ave. Upstairs,San Carlos,H,http://goo.gl/maps/PT4Cs,
"Saturday, 	10:00 PM",11th Step Tropical Meditation,San Carlos Peninsula Fellowship  1133 Eaton Ave. Upstairs,San Carlos,H,http://goo.gl/maps/PT4Cs,
"Monday, 	7:30 PM",12 Step Study,San Carlos Peninsula Fellowship  1133 Eaton Ave. Upstairs,San Carlos,H,http://goo.gl/maps/PT4Cs,
"Tuesday, 	12:00 PM",As Bill Sees It,San Carlos Peninsula Fellowship  1133 Eaton Ave. Upstairs,San Carlos,H,http://goo.gl/maps/PT4Cs,
"Friday, 	Midnight ",Awake and Serene,San Carlos Peninsula Fellowship  1133 Eaton Ave. Upstairs,San Carlos,H,http://goo.gl/maps/PT4Cs,
"Wednesday, 	7:30 PM",Beginners ,San Carlos Peninsula Fellowship  1133 Eaton Ave. Upstairs,San Carlos,"H,B,",http://goo.gl/maps/PT4Cs,
"Sunday, 	4:30 PM",Big Book Study,San Carlos Peninsula Fellowship  1133 Eaton Ave. Upstairs,San Carlos,H,http://goo.gl/maps/PT4Cs,
"Wednesday, 	9:00 PM",Big Book Study,San Carlos Peninsula Fellowship  1133 Eaton Ave. Upstairs,San Carlos,"H,L",http://goo.gl/maps/PT4Cs,
"Friday, 	12:00 PM",Big Book Study,San Carlos Peninsula Fellowship  1133 Eaton Ave. Upstairs,San Carlos,H,http://goo.gl/maps/PT4Cs,
"Saturday, 	7:30 PM",Big Book Study,San Carlos Peninsula Fellowship  1133 Eaton Ave. Upstairs,San Carlos,H,http://goo.gl/maps/PT4Cs,
"Sunday, 	7:00 AM",Crack of Dawn,San Carlos Peninsula Fellowship  1133 Eaton Ave. Upstairs,San Carlos,H,http://goo.gl/maps/PT4Cs,
"Tuesday, 	7:00 AM",Crack of Dawn,San Carlos Peninsula Fellowship  1133 Eaton Ave. Upstairs,San Carlos,H,http://goo.gl/maps/PT4Cs,
"Monday, 	7:00 AM",Crack of Dawn ,San Carlos Peninsula Fellowship  1133 Eaton Ave. Upstairs,San Carlos,H,http://goo.gl/maps/PT4Cs,
"Wednesday, 	7:00 AM",Daily Reflection Discussion,San Carlos Peninsula Fellowship  1133 Eaton Ave. Upstairs,San Carlos,"D,H,L",http://goo.gl/maps/PT4Cs,
"Friday, 	7:00 AM",Daily Reflection Discussion,San Carlos Peninsula Fellowship  1133 Eaton Ave. Upstairs,San Carlos,"D,H,L",http://goo.gl/maps/PT4Cs,
"Tuesday, 	4:30 PM",Discussion,San Carlos Peninsula Fellowship  1133 Eaton Ave. Upstairs,San Carlos,H,http://goo.gl/maps/PT4Cs,
"Wednesday, 	12:00 PM",Discussion,San Carlos Peninsula Fellowship  1133 Eaton Ave. Upstairs,San Carlos,H,http://goo.gl/maps/PT4Cs,
"Thursday, 	4:30 PM",Discussion,San Carlos Peninsula Fellowship  1133 Eaton Ave. Upstairs,San Carlos,H,http://goo.gl/maps/PT4Cs,
"Saturday, 	12:00 PM",Discussion,San Carlos Peninsula Fellowship  1133 Eaton Ave. Upstairs,San Carlos,H,http://goo.gl/maps/PT4Cs,
"Saturday, 	4:30 PM",Discussion,San Carlos Peninsula Fellowship  1133 Eaton Ave. Upstairs,San Carlos,H,http://goo.gl/maps/PT4Cs,
"Monday, 	12:00 PM",DISCUSSION.,San Carlos Peninsula Fellowship  1133 Eaton Ave. Upstairs,San Carlos,H,http://goo.gl/maps/PT4Cs,
"Friday, 	6:00 PM",Fabulous Fridays,San Carlos Peninsula Fellowship  1133 Eaton Ave. Upstairs,San Carlos,H,http://goo.gl/maps/PT4Cs,
"Sunday, 	5:45 –7:15",FOURTH STEP WORKSHOP,San Carlos Peninsula Fellowship  1133 Eaton Ave. Upstairs,San Carlos,H,http://goo.gl/maps/PT4Cs,
"Wednesday, 	4:30 PM",Grapevine,San Carlos Peninsula Fellowship  1133 Eaton Ave. Upstairs,San Carlos,H,http://goo.gl/maps/PT4Cs,
"Tuesday, 	7:30 PM",Living Sober,San Carlos Peninsula Fellowship  1133 Eaton Ave. Upstairs,San Carlos,H,http://goo.gl/maps/PT4Cs,
"Sunday, 	9:00 AM",MEDITATION,San Carlos Peninsula Fellowship  1133 Eaton Ave. Upstairs,San Carlos,H,http://goo.gl/maps/PT4Cs,
"Sunday, 	2:00 PM",Meditation/Discussion,San Carlos Peninsula Fellowship  1133 Eaton Ave. Upstairs,San Carlos,H,http://goo.gl/maps/PT4Cs,
"Monday, 	6:00 PM",Men's Topic Discussion,San Carlos Peninsula Fellowship  1133 Eaton Ave. Upstairs,San Carlos,"D,H,M",http://goo.gl/maps/PT4Cs,
"Friday, 	10:00 PM",Nite Owl,San Carlos Peninsula Fellowship  1133 Eaton Ave. Upstairs,San Carlos,H,http://goo.gl/maps/PT4Cs,
"Saturday, 	Midnight ",SATURDAY NITE LIVE,San Carlos Peninsula Fellowship  1133 Eaton Ave. Upstairs,San Carlos,,http://goo.gl/maps/PT4Cs,
"Friday, 	7:30 PM",Speaker Meeting,San Carlos Peninsula Fellowship  1133 Eaton Ave. Upstairs,San Carlos,H,http://goo.gl/maps/PT4Cs,
"Monday, 	9:00 PM",Speaker/ Discussion,San Carlos Peninsula Fellowship  1133 Eaton Ave. Upstairs,San Carlos,"D,H,SP,",http://goo.gl/maps/PT4Cs,
"Monday, 	4:30 PM",Speaker/Discussion,San Carlos Peninsula Fellowship  1133 Eaton Ave. Upstairs,San Carlos,H,http://goo.gl/maps/PT4Cs,
"Thursday, 	7:30 PM",Speaker/Discussion,San Carlos Peninsula Fellowship  1133 Eaton Ave. Upstairs,San Carlos,"D,H,SP,",http://goo.gl/maps/PT4Cs,
"Saturday, 	7:00 AM",Speaker/Discussion,San Carlos Peninsula Fellowship  1133 Eaton Ave. Upstairs,San Carlos,H,http://goo.gl/maps/PT4Cs,
"Saturday, 	6:00 PM",Speaker/Discussion,San Carlos Peninsula Fellowship  1133 Eaton Ave. Upstairs,San Carlos,H,http://goo.gl/maps/PT4Cs,
"Sunday, 	7:30 PM",Speaker/Discussion.,San Carlos Peninsula Fellowship  1133 Eaton Ave. Upstairs,San Carlos,H,http://goo.gl/maps/PT4Cs,
"Thursday, 	12:00 PM",Step Study,San Carlos Peninsula Fellowship  1133 Eaton Ave. Upstairs,San Carlos,"W,H",http://goo.gl/maps/PT4Cs,
"Thursday, 	7:00 AM",Steps / Traditions,San Carlos Peninsula Fellowship  1133 Eaton Ave. Upstairs,San Carlos,H,http://goo.gl/maps/PT4Cs,
"Friday, 	4:30 PM",Tradition Discussion,San Carlos Peninsula Fellowship  1133 Eaton Ave. Upstairs,San Carlos,H,http://goo.gl/maps/PT4Cs,
"Tuesday, 	6:00 PM",Women's Big Book Study,San Carlos Peninsula Fellowship  1133 Eaton Ave. Upstairs,San Carlos,"H,L",http://goo.gl/maps/PT4Cs,
"Wednesday, 	10:30 PM",Women's Daily Reflections,San Carlos Peninsula Fellowship  1133 Eaton Ave. Upstairs,San Carlos,"D,H,W",http://goo.gl/maps/PT4Cs,
"Thursday, 	6:00 PM",Women's Speaker/Discussion,San Carlos Peninsula Fellowship  1133 Eaton Ave. Upstairs,San Carlos,"W,H",http://goo.gl/maps/PT4Cs,
"Sunday, 	8:00 PM",SUN NIGHT SHARING GROUP,Sequoia Hospital - R Floor Conference Room   Whipple & The Alameda,Redwood City,Wh,http://goo.gl/maps/qs8fE,
"Tuesday, 	8:00 PM",FREEDOM GROUP,Sequoia Hospital - R Floor Conference Room Dr’s Conf. Rm. Whipple & The Alameda,Redwood City,"H,SP,Wh",http://goo.gl/maps/qs8fE,
"Saturday, 	7:30 PM",WOODSIDE GROUP,Sequoia Hospital - R Floor Conference Room Whipple & The Alameda,Redwood City,Wh,http://goo.gl/maps/qs8fE,
"Friday, 	8:00 PM",PHOENIX GROUP,"Sequoia Hospital, R Floor Conference Room  Whipple & The Alameda",Redwood City,"H,SP,Wh",http://goo.gl/maps/qs8fE,
"Tuesday, 	7:00 PM",Men's 'Language of the Heart' study,Seton Coastside Hosp.	600 Marine Blvd.,Moss Beach,"L,M",http://goo.gl/maps/cLFFn,
"Friday, 	7:30 PM",HELPING HAND GROUP,"Seton Med. Ctr	""1900 Sullivan-Dr. Conf. Rm., 2nd floor""",Daly City,"D,L,Wh",http://goo.gl/maps/001qh,
"Friday, 	12:00 PM",BACK TO BASICS,Shoreline Station	225 S. Cabrillo Hwy Rm101-C,Half Moon Bay ,"D,Wh",http://goo.gl/maps/2d783,
"Tuesday, 	12:00 PM",Big Book Study,Shoreline Station	225 S. Cabrillo Hwy Rm101-C,Half Moon Bay ,"L,Wh",http://goo.gl/maps/2d783,
"Wednesday, 	12:00 PM",Daily Reflections,Shoreline Station	225 S. Cabrillo Hwy Rm101-C,Half Moon Bay ,"D,Wh",http://goo.gl/maps/2d783,
"Monday, 	12:00 PM",DISCUSSION,Shoreline Station	225 S. Cabrillo Hwy Rm101-C,Half Moon Bay ,"D,Wh",http://goo.gl/maps/2d783,
"Thursday, 	6:00 PM",HMB HAPPY HOUR,Shoreline Station	225 S. Cabrillo Hwy Rm101-C,Half Moon Bay ,H,http://goo.gl/maps/2d783,
"Thursday, 	7:30 PM",HMB THURS NITE WOMEN'S MTG,Shoreline Station	225 S. Cabrillo Hwy Rm101-C,Half Moon Bay ,"C,W,",http://goo.gl/maps/2d783,
"Saturday, 	5:00 PM",SAT NIGHT SPEAKER/DISCUSSION,Shoreline Station	225 S. Cabrillo Hwy Rm101-C,Half Moon Bay ,"D,H,L,Wh",http://goo.gl/maps/2d783,
"Thursday, 	12:00 PM",STEP STUDY,Shoreline Station	225 S. Cabrillo Hwy Rm101-C,Half Moon Bay ,"L,Wh",http://goo.gl/maps/2d783,
"Tuesday, 	7:00 PM",THE NEW TUESDAY NITE BEGINNERS (75 Min.),"San Mateo County General Hospital – 222 W. 39th Ave, 2nd Floor, Rm. 1",San Mateo,"B,SP,Wh",http://goo.gl/maps/CkWNM,
"Sunday, 	7:30 PM",OPEN DOOR GROUP,St . Pius Church  1100 Woodside Rd. Rm 4,Redwood City,Wh,http://goo.gl/maps/MkNf7,
"Wednesday, 	8:00 PM",NEWCOMERS Q&A,"St . Pius Church  1100 Woodside Rd, Rm 4",Redwood City,"C,D,Wh",http://goo.gl/maps/MkNf7,
"Thursday, 	6:30 PM",A VISION FOR YOU,"St . Pius Church  1100 Woodside Rd, Rm 4  ",Redwood City,L,http://goo.gl/maps/MkNf7,
"Wednesday, 	7:30 PM",A FRESH START,St. Ambrose Church	Beachpark & Edgewater,Foster City,"H,YP,",http://goo.gl/maps/Jntaz,
"Monday, 	7:30 PM",STUDY THE TEXT GROUP,St. Ambrose Church	Beachpark & Edgewater,Foster City,"D,H,SP,L",http://goo.gl/maps/Jntaz,
"Sunday, 	9:30 AM",HAM & EGGERS,St. Andrew's Church  1600 Santa Lucia – Lower Social Rm,San Bruno ,"H,Wh",http://goo.gl/maps/YyqUx,
"Sunday, 	7:30 PM",BEGINNER'S MTG,St. Andrew's Church  15th Ave. & El Camino,San Mateo,"H,B,",http://goo.gl/maps/FvbmL,
"Sunday, 	6:00 PM",SUN SUNDOWNERS,St. Andrew's Church  15th Ave. & El Camino,San Mateo,,http://goo.gl/maps/FvbmL,
"Sunday, 	7:00 PM",SIMPLY SPEAKING,St. Andrew's Church  1600 Santa Lucia,San Bruno ,"D,H",http://goo.gl/maps/YyqUx,
"Wednesday, 	7:30 PM",EARLY ENDERS,St. Andrew's Church  1600 Santa Lucia – Lower Social Rm,San Bruno ,"H,Wh",http://goo.gl/maps/YyqUx,
"Thursday, 	7:30 PM",MILLBRAE GROUP,St. Andrew's Church  1600 Santa Lucia – Lower Social Rm,San Bruno ,"H,Wh",http://goo.gl/maps/YyqUx,
"Saturday, 	9:00 AM",SATURDAY MORNING SANDHILL,St. Bede’s Church 2650 Sandhill Road,Menlo Park,"H,Wh",http://goo.gl/maps/ws7mc,
"Thursday, 	12:00 PM",WOMENS STEP STUDY GROUP,St. Bede’s Church 2650 Sandhill Road,Menlo Park,"C,W,H,L",http://goo.gl/maps/ws7mc,
"Friday, 	12:00 PM",JUST DON'T DRINK,St. Elizabeth's  280 Country Club Dr.,South SF,"D,H,Wh",http://goo.gl/maps/kOblX,
"Monday, 	7:30 PM",KEEP IT SIMPLE GROUP,St. Elizabeth's  280 Country Club Dr.,South SF,"H,SP",http://goo.gl/maps/kOblX,
"Wednesday, 	7:30 PM",PATHFINDERS GROUP,St. Elizabeth's  280 Country Club Dr.,South SF,"H,SP,Wh",http://goo.gl/maps/kOblX,
"Monday, 	12:00 PM",SOUTH CITY WOMEN'S DISCUSSION,St. Elizabeth's  280 Country Club Dr.,South SF,"W,D,H,Wh",http://goo.gl/maps/kOblX,
"Thursday, 	6:30 PM",WATCH YOUR STEP,St. Elizabeth's  280 Country Club Dr.,South SF,L,http://goo.gl/maps/kOblX,
"Tuesday, 	6:45 PM",TOOLS OF RECOVERY,St. John's Church	Sylvan & Mastick,San Bruno ,H,http://goo.gl/maps/cHyjx,
"Sunday, 	7:00 PM",SAN BRUNO GROUP,St. John’s Church Hall	Sylvan & Mastick,San Bruno ,Wh,http://goo.gl/maps/cHyjx,
"Tuesday, 	4:30 PM",STEPPING THRU THE BIG BOOK,St. Paul's Library 415 El Camino Real ,Burlingame,"H,L",http://goo.gl/maps/w4SAB,
"Saturday, 	8:00 PM",SATURDAY NIGHT DISCUSSION,St. Paul’s Church  405 El Camino Real,Burlingame,"D,H,SP",http://goo.gl/maps/w4SAB,
"Friday, 	8:00 PM",SERENITY GROUP,St. Paul’s Church  405 El Camino Real,Burlingame,"D,H",http://goo.gl/maps/w4SAB,
"Thursday, 	8:00 PM",BURLINGAME MEN’S GROUP,St. Paul’s Church  415 El Camino Real ,Burlingame,"C,D",http://goo.gl/maps/w4SAB,
"Saturday, 	7:30 PM",AS BILL SEES IT,St. Peters Church	700 Oddstad – at Linda Mar,Pacifica,"C,L",http://goo.gl/maps/shBvB,
"Saturday, 	10:30 AM",COMPLETE ABANDON GROUP,St . Pius Church  1100 Woodside Rd. Rm 4,Redwood City,H,http://goo.gl/maps/MkNf7,
"Saturday, 	10:00 AM",COME AS YOU ARE-Big Book Disc,St. Roberts 349 Oak Ave at Dababneh (Mahoney Rm. behind Convent),San Bruno ,,http://goo.gl/maps/4rLpr,
"Wednesday, 	7:00 PM",SERENITY BY THE SEA,Ted Adcock Comm. Center	535 Kelly Avenue,Half Moon Bay ,,http://goo.gl/maps/SFhXI,
"Tuesday, 	7:30 PM",Big Book Study,Terra Nova Church Ctr.	1125 Terra Nova,Pacifica,"C,L",http://goo.gl/maps/gdaEr,
"Wednesday, 	7:30 PM",PACIFICA WOMEN'S MEETING,Terra Nova Church Ctr.	1125 Terra Nova,Pacifica,"C,W,",http://goo.gl/maps/gdaEr,
"Sunday, 	7:30 PM",SERENITY IN PACIFICA,Terra Nova Church Ctr.	1125 Terra Nova,Pacifica,"D,H,Wh",http://goo.gl/maps/gdaEr,
"Sunday, 	7:30 PM",THE INDESCRIBABLY WONDERFUL MTG.,Trinity Baptist Church  39 E. 39th Avenue (enter on 38th),San Mateo,"H,SP,",http://goo.gl/maps/YVOM1,
"Saturday, 	7:30 PM",GROWING STRONGER,Trinity Presbyterian Church	1106 Alameda de las Pulgas,San Carlos,"D,H,SP,",http://goo.gl/maps/BrSSJ,
"Friday, 	7:00 PM",FOUNDATION STONE GROUP,Unitarian Universalist Church	2124 Brewster,Redwood City,"D,H,SP,Wh",http://goo.gl/maps/gvXYc,
"Wednesday, 	8:00 PM",STEP STUDY GROUP,Unitarian Universalist Church	2124 Brewster,Redwood City,"H,L,Wh",http://goo.gl/maps/gvXYc,
"Tuesday, 	12:00 PM",12 STEP STUDY,United Methodist Church 450 Chadbourne Rm 101,Millbrae,"H,L",http://goo.gl/maps/xeSpv,
"Friday, 	7:00 PM",FRIDAY NIGHT RAP GROUP,United Methodist Church 450 Chadbourne Rm 101,Millbrae,D,http://goo.gl/maps/xeSpv,
"Tuesday, 	7:00 PM",BACK TO BASICS,VA Hospital  795 Willow Rd. Bldg. 347,Menlo Park,,http://goo.gl/maps/hd5DI,
"Tuesday, 	7:00 AM",PORTOLA VALLEY 11TH STEP,"Valley Presbyterian Church	945 Portola Road, in Bride's Room",Portola Valley ,H,http://goo.gl/maps/Vpl1Z,
"Thursday, RS	7:00 AM",PORTOLA VALLEY 11TH STEP,"Valley Presbyterian Church	945 Portola Road, in Bride's Room",Portola Valley ,H,http://goo.gl/maps/Vpl1Z,
"Monday, 	7:00 PM",As Bill Sees It,WBAC - West Bay Fellowship - Phone: (650) 756-3322   7324 Mission Street,Daly City,H,http://goo.gl/maps/pxPLF,
"Tuesday, 	7:00 AM",Big Book Study,WBAC - West Bay Fellowship - Phone: (650) 756-3322   7324 Mission Street,Daly City,"H,L",http://goo.gl/maps/pxPLF,
"Monday, 	12:00 PM",Brown Baggers,WBAC - West Bay Fellowship - Phone: (650) 756-3322   7324 Mission Street,Daly City,"D,H,L",http://goo.gl/maps/pxPLF,
"Tuesday, 	12:00 PM",Brown Baggers,WBAC - West Bay Fellowship - Phone: (650) 756-3322   7324 Mission Street,Daly City,,http://goo.gl/maps/pxPLF,
"Friday, 	12:00 PM",Brown Baggers,WBAC - West Bay Fellowship - Phone: (650) 756-3322   7324 Mission Street,Daly City,"D,H,L",http://goo.gl/maps/pxPLF,
"Sunday, 	9:30 AM",Colma Eye Opener,WBAC - West Bay Fellowship - Phone: (650) 756-3322   7324 Mission Street,Daly City,"D,L",http://goo.gl/maps/pxPLF,
"Sunday, 	5:00 PM",COMMITTED ,WBAC - West Bay Fellowship - Phone: (650) 756-3322   7324 Mission Street,Daly City,L,http://goo.gl/maps/pxPLF,
"Saturday, 	6:00 PM",Committed Now,WBAC - West Bay Fellowship - Phone: (650) 756-3322   7324 Mission Street,Daly City,H,http://goo.gl/maps/pxPLF,
"Wednesday, 	8:00 PM",Daly City Wed Nite,WBAC - West Bay Fellowship - Phone: (650) 756-3322   7324 Mission Street,Daly City,"D,H,L",http://goo.gl/maps/pxPLF,
"Wednesday, 	7:00 AM",Early Birds-Daily Reflection,WBAC - West Bay Fellowship - Phone: (650) 756-3322   7324 Mission Street,Daly City,H,http://goo.gl/maps/pxPLF,
"Thursday, 	6:30 PM",FLY BY NIGHT GROUP,WBAC - West Bay Fellowship - Phone: (650) 756-3322   7324 Mission Street,Daly City,"H,L",http://goo.gl/maps/pxPLF,
"Monday, 	7:00 AM",Grapevine Meeting,WBAC - West Bay Fellowship - Phone: (650) 756-3322   7324 Mission Street,Daly City,D,http://goo.gl/maps/pxPLF,
"Tuesday, 	8:00 PM",Language of the Heart,WBAC - West Bay Fellowship - Phone: (650) 756-3322   7324 Mission Street,Daly City,"D,H,SP,",http://goo.gl/maps/pxPLF,
"Thursday, 	7:00 AM",Living Sober,WBAC - West Bay Fellowship - Phone: (650) 756-3322   7324 Mission Street,Daly City,"D,H",http://goo.gl/maps/pxPLF,
"Wednesday, 	6:00 PM",Men's no BS,WBAC - West Bay Fellowship - Phone: (650) 756-3322   7324 Mission Street,Daly City,"H,M",http://goo.gl/maps/pxPLF,
"Monday, 	6:00 PM",Mustard Seed,WBAC - West Bay Fellowship - Phone: (650) 756-3322   7324 Mission Street,Daly City,H,http://goo.gl/maps/pxPLF,
"Monday, 	7:30 PM",Nada Podemos Solos,WBAC - West Bay Fellowship - Phone: (650) 756-3322   7324 Mission Street,Daly City,E,http://goo.gl/maps/pxPLF,
"Wednesday, 	7:30 PM",Nada Podemos Solos,WBAC - West Bay Fellowship - Phone: (650) 756-3322   7324 Mission Street,Daly City,E,http://goo.gl/maps/pxPLF,
"Saturday, 	7:30 PM",Nada Podemos Solos,WBAC - West Bay Fellowship - Phone: (650) 756-3322   7324 Mission Street,Daly City,E,http://goo.gl/maps/pxPLF,
"Saturday, 	10:00 AM",Sat Morning Step,WBAC - West Bay Fellowship - Phone: (650) 756-3322   7324 Mission Street,Daly City,L,http://goo.gl/maps/pxPLF,
"Saturday, 	8:30 AM",Smart Feet,WBAC - West Bay Fellowship - Phone: (650) 756-3322   7324 Mission Street,Daly City,"D,L",http://goo.gl/maps/pxPLF,
"Friday, 	7:00 AM",Step Study,WBAC - West Bay Fellowship - Phone: (650) 756-3322   7324 Mission Street,Daly City,L,http://goo.gl/maps/pxPLF,
"Sunday, 	7:00 PM",Sun Nite Step,WBAC - West Bay Fellowship - Phone: (650) 756-3322   7324 Mission Street,Daly City,H,http://goo.gl/maps/pxPLF,
"Thursday, 	12:00 PM",Thu Nooner,WBAC - West Bay Fellowship - Phone: (650) 756-3322   7324 Mission Street,Daly City,"D,H,L",http://goo.gl/maps/pxPLF,
"Wednesday, 	12:00 PM",Wed High Noon,WBAC - West Bay Fellowship - Phone: (650) 756-3322   7324 Mission Street,Daly City,"D,H,L",http://goo.gl/maps/pxPLF,
"Friday, 	7:30 PM",West Bay All Groups,WBAC - West Bay Fellowship - Phone: (650) 756-3322   7324 Mission Street,Daly City,H,http://goo.gl/maps/pxPLF,
"Wednesday, 	6:00 PM",WOMEN'S HAPPY HOUR,WBAC - West Bay Fellowship - Phone: (650) 756-3322   7324 Mission Street,Daly City,"W,D,H,L",http://goo.gl/maps/pxPLF,
"Thursday, 	7:00 PM",SAN MATEO -AS BILL SEES IT,Western Hills Church   3399 CSM Drive (New Location!),San Mateo,"H,L",http://goo.gl/maps/2BWxY,
"Sunday, 	7:00 PM",Here and Now,Woodside Methodist Church  Woodside Road and Alameda,Redwood City,H,http://goo.gl/maps/KDxvT,
"Wednesday, 	7:30 PM",Wednesday Woodside Meeting,Woodside Methodist Church  Woodside Road and Alameda,Redwood City,,http://goo.gl/maps/KDxvT,
